Date,Stock,Buy,Sell,PnL,Reason
2022-04-12,ACC.NS,2206.326171875,2155.439208984375,-1679.269775390625,BEAR_ZONE
2022-04-12,ADANIGREEN.NS,2665.14990234375,2792.39990234375,3563.0,RSI_OVERBOUGHT
2022-04-21,ADANIPOWER.NS,46.31999969482422,49.36000061035156,4921.7614822387695,TARGET_HIT
2022-04-26,ADANIENT.NS,2182.8850620814733,2391.03369140625,11656.323242187496,TARGET_HIT
2022-04-26,ADANIPORTS.NS,831.539410277501,889.0526123046875,8569.467102050785,TARGET_HIT
2022-05-04,ABB.NS,2152.1638671875,1982.8555908203125,-13544.662109374985,BEAR_ZONE
2022-05-06,ADANIENT.NS,2391.03369140625,2243.696533203125,-4567.451904296875,TRAILING_STOP
2022-05-09,PAGEIND.NS,43865.822916666664,40622.80859375,-9729.042968749993,TRAILING_STOP
2022-05-10,ACC.NS,2283.8427734375,2172.38525390625,-3566.640625,BEAR_ZONE
2022-05-10,ADANIGREEN.NS,2952.449951171875,2486.699951171875,-11643.75,TRAILING_STOP
2022-05-18,ADANIPOWER.NS,53.470001220703125,58.93999862670898,7668.936363220205,TARGET_HIT
2022-05-31,ABB.NS,2227.192431640625,2389.181640625,8909.406494140636,TARGET_HIT
2022-05-31,ADANIGREEN.NS,2281.699951171875,1888.949951171875,-12568.0,TRAILING_STOP
2022-05-31,PAGEIND.NS,40407.4375,43076.28515625,2668.84765625,TARGET_HIT
2022-06-09,AUBANK.NS,638.6548101963141,610.2979125976562,-5529.5950317382785,BEAR_ZONE
2022-06-16,ADANIGREEN.NS,1888.949951171875,1711.0999755859375,-6936.1490478515625,BEAR_ZONE
2022-06-17,ABB.NS,2359.4278611403247,2139.066650390625,-11458.782958984384,TRAILING_STOP
2022-06-17,PAGEIND.NS,39630.40234375,38062.7734375,-1567.62890625,BEAR_ZONE
2022-07-06,ABB.NS,2256.59423828125,2477.52392578125,7290.6796875,TARGET_HIT
2022-07-08,ADANIENT.NS,2150.9437469482423,2288.965576171875,11041.746337890618,TARGET_HIT
2022-07-11,ADANIGREEN.NS,1917.6500244140625,2207.35009765625,11298.302856445312,TARGET_HIT
2022-07-15,BAJAJ-AUTO.NS,3412.954644097222,3673.47265625,9378.648437500002,TARGET_HIT
2022-07-21,ABB.NS,2523.1651144588695,2729.262451171875,14014.618896484371,TARGET_HIT
2022-07-21,ADANIENT.NS,2332.4229830228364,2492.081298828125,8302.232421875005,TARGET_HIT
2022-08-01,BOSCHLTD.NS,15614.2373046875,16768.607421875,4617.48046875,TARGET_HIT
2022-08-01,ADANIENT.NS,2492.081298828125,2656.505859375,4932.73681640625,TARGET_HIT
2022-08-01,ADANIGREEN.NS,2109.75,2273.699951171875,5738.248291015625,TARGET_HIT
2022-08-02,ABBOTINDIA.NS,18457.29052734375,19665.306640625,9664.12890625,TARGET_HIT
2022-08-04,ADANIENT.NS,2707.685791015625,2719.868896484375,328.94384765625,RSI_OVERBOUGHT
2022-08-10,ABBOTINDIA.NS,19693.47734375,18797.865234375,-4478.060546875004,TRAILING_STOP
2022-08-18,ADANIPORTS.NS,768.3656664608859,819.962646484375,11712.514465332024,TARGET_HIT
2022-08-24,ABB.NS,2717.928955078125,3012.450439453125,18554.853515625,TARGET_HIT
2022-08-25,ABB.NS,3012.450439453125,3095.08349609375,1983.193359375,RSI_OVERBOUGHT
2022-08-26,ABBOTINDIA.NS,18490.985770089286,17812.96484375,-4746.146484375004,TRAILING_STOP
2022-08-26,ABB.NS,3095.08349609375,3120.921875,620.12109375,RSI_OVERBOUGHT
2022-08-29,ABB.NS,3120.921875,3146.3173828125,609.4921875,RSI_OVERBOUGHT
2022-08-30,ABB.NS,3146.3173828125,3211.57763671875,1500.98583984375,RSI_OVERBOUGHT
2022-09-01,ABB.NS,3211.57763671875,3350.317138671875,3191.008544921875,RSI_OVERBOUGHT
2022-09-02,ADANIENT.NS,3139.9748028449294,3351.202880859375,11195.088134765618,TARGET_HIT
2022-09-06,ADANIENT.NS,3351.202880859375,3431.093505859375,1757.59375,RSI_OVERBOUGHT
2022-09-07,ACC.NS,2230.6993600945725,2376.724365234375,11097.900390624989,TARGET_HIT
2022-09-13,ACC.NS,2376.724365234375,2542.18115234375,5129.160400390625,TARGET_HIT
2022-09-13,ADANIENT.NS,3468.991455078125,3550.928955078125,1720.6875,RSI_OVERBOUGHT
2022-09-14,ACC.NS,2542.18115234375,2710.55322265625,4882.7900390625,TARGET_HIT
2022-09-14,ADANIENT.NS,3550.928955078125,3567.20654296875,341.829345703125,RSI_OVERBOUGHT
2022-09-15,ACC.NS,2710.55322265625,2714.999755859375,120.056396484375,RSI_OVERBOUGHT
2022-09-15,ADANIENT.NS,3567.20654296875,3743.564697265625,3703.521240234375,RSI_OVERBOUGHT
2022-09-16,ABBOTINDIA.NS,17825.94384765625,16826.189453125,-7998.03515625,BEAR_ZONE
2022-09-16,ABB.NS,3328.6100557767427,3130.273193359375,-10313.51684570312,TRAILING_STOP
2022-09-19,ADANIENT.NS,3743.564697265625,3773.4736328125,598.1787109375,RSI_OVERBOUGHT
2022-09-20,ADANIENT.NS,3773.4736328125,3829.29736328125,1060.65087890625,RSI_OVERBOUGHT
2022-09-21,ACC.NS,2677.5879669189453,2501.076171875,-11296.7548828125,TRAILING_STOP
2022-09-22,PAGEIND.NS,47428.209635416664,50670.00390625,9725.382812500007,TARGET_HIT
2022-09-26,ADANIPORTS.NS,944.5244750976562,849.8358764648438,-7480.3992919921875,TRAILING_STOP
2022-09-26,ABBOTINDIA.NS,17174.05078125,16862.865234375,-1867.11328125,BEAR_ZONE
2022-09-27,ADANIGREEN.NS,2356.0446041577484,2146.300048828125,-15311.352539062507,TRAILING_STOP
2022-09-28,ACC.NS,2420.160682355854,2322.329345703125,-6946.024902343765,TRAILING_STOP
2022-10-03,ADANIENT.NS,3565.88814051011,3152.97509765625,-14039.043457031245,TRAILING_STOP
2022-10-20,PAGEIND.NS,48090.841796875,51418.64453125,6655.60546875,TARGET_HIT
2022-10-28,ABB.NS,3098.318045479911,2915.6435546875,-10229.771484375004,TRAILING_STOP
2022-11-01,ABBOTINDIA.NS,17566.580078125,18876.251953125,10477.375,TARGET_HIT
2022-11-01,ADANIENT.NS,3338.8174487964525,3570.8017578125,8583.419433593757,TARGET_HIT
2022-11-01,ABB.NS,2915.6435546875,3102.712158203125,4676.715087890625,TARGET_HIT
2022-11-04,ADANIENT.NS,3570.8017578125,3827.9990234375,5401.142578125,TARGET_HIT
2022-11-07,ACC.NS,2306.7430729166667,2455.37646484375,11147.504394531245,TARGET_HIT
2022-11-10,ADANIPOWER.NS,69.75597965617476,74.27999877929688,8102.51824951171,TARGET_HIT
2022-11-14,PAGEIND.NS,47920.134765625,44773.9765625,-6292.31640625,TRAILING_STOP
2022-11-15,ADANIPORTS.NS,832.9403854472525,892.6524658203125,8897.099975585934,TARGET_HIT
2022-11-29,ABB.NS,3136.518927556818,2967.909912109375,-9273.495849609375,TRAILING_STOP
2022-12-02,ACC.NS,2396.2203351947624,2578.246826171875,12923.880859374998,TARGET_HIT
2022-12-13,ABBOTINDIA.NS,18656.30050223214,19980.91796875,9272.322265625011,TARGET_HIT
2022-12-14,PAGEIND.NS,44672.986979166664,43416.5,-3769.4609374999927,BEAR_ZONE
2022-12-21,ADANIENT.NS,3934.8163835392443,3896.60498046875,-1643.0903320312536,TRAILING_STOP
2022-12-21,ACC.NS,2608.520859227036,2510.71044921875,-6455.487060546876,TRAILING_STOP
2022-12-22,ABB.NS,2951.2189352101295,2758.841796875,-11157.874023437513,TRAILING_STOP
2022-12-23,ACC.NS,2499.7203344228315,2345.845947265625,-7539.844970703116,TRAILING_STOP
2022-12-23,ADANIENT.NS,3896.60498046875,3637.210693359375,-4928.491455078125,TRAILING_STOP
2022-12-23,ADANIPORTS.NS,844.1762084960938,781.62451171875,-5504.54931640625,BEAR_ZONE
2022-12-30,APOLLOHOSP.NS,4720.4384765625,4434.6083984375,-4287.451171875,TRAILING_STOP
2022-12-30,ABB.NS,2710.7873046875,2640.920166015625,-3144.021240234383,BEAR_ZONE
2023-01-06,ABBOTINDIA.NS,20100.32421875,21409.681640625,9165.501953125,TARGET_HIT
2023-01-10,ADANIPORTS.NS,807.560546875,783.888427734375,-2177.8349609375,BEAR_ZONE
2023-01-19,ADANIENT.NS,3711.464806758996,3458.8056640625,-8337.751708984368,TRAILING_STOP
2023-01-25,ACC.NS,2376.5882723096393,2139.92578125,-16803.036865234386,BEAR_ZONE
2023-01-25,ABBOTINDIA.NS,21283.705078125,20411.259765625,-4362.2265625,TRAILING_STOP
2023-01-31,AIAENG.NS,2482.8315080915177,2712.177490234375,11237.95312500001,TARGET_HIT
2023-02-01,ABB.NS,2819.388427734375,2745.356201171875,-4441.93359375,TRAILING_STOP
2023-02-01,APARINDS.NS,1648.3907470703125,1901.8350830078125,11404.9951171875,TARGET_HIT
2023-02-02,APOLLOHOSP.NS,4215.037109375,4190.8720703125,-410.8056640625,BEAR_ZONE
2023-02-07,ABB.NS,2761.51914284446,2976.079833984375,9440.67041015626,TARGET_HIT
2023-02-07,APARINDS.NS,1901.8350830078125,2171.35498046875,10511.276000976562,TARGET_HIT
2023-02-15,APLAPOLLO.NS,1134.051875403168,1218.724609375,9229.328002929691,TARGET_HIT
2023-02-16,APARINDS.NS,2171.35498046875,2354.0966796875,6213.2177734375,TARGET_HIT
2023-02-17,ABBOTINDIA.NS,19976.66434151786,19384.69140625,-4143.810546875011,TRAILING_STOP
2023-03-01,ABB.NS,3058.0165116159537,3259.513671875,11485.338134765638,TARGET_HIT
2023-03-13,ALKEM.NS,3067.45810546875,2983.753662109375,-3348.1777343750036,BEAR_ZONE
2023-03-28,ABBOTINDIA.NS,19462.31417410714,20706.830078125,8711.611328125011,TARGET_HIT
2023-03-31,APARINDS.NS,2267.991371556332,2447.862060546875,13670.172363281263,TARGET_HIT
2023-04-05,AIAENG.NS,2752.8674749558973,2927.625244140625,10834.981689453121,TARGET_HIT
2023-04-05,APARINDS.NS,2447.862060546875,2637.2001953125,5680.14404296875,TARGET_HIT
2023-04-18,AIAENG.NS,2927.625244140625,2756.99462890625,-4265.765380859375,TRAILING_STOP
2023-04-20,ABB.NS,3270.208740234375,3134.358154296875,-7064.23046875,TRAILING_STOP
2023-04-26,ABB.NS,3134.358154296875,3346.82275390625,4886.685791015625,TARGET_HIT
2023-05-03,APARINDS.NS,2637.2001953125,2903.055419921875,7443.9462890625,TARGET_HIT
2023-05-04,ABB.NS,3369.4247368706597,3593.990234375,8084.357910156252,TARGET_HIT
2023-05-08,ABB.NS,3593.990234375,3749.02490234375,3100.693359375,RSI_OVERBOUGHT
2023-05-09,ALKEM.NS,3296.579880934495,3520.24853515625,11630.770019531254,TARGET_HIT
2023-05-10,ABBOTINDIA.NS,21498.856305803572,20511.171875,-6913.791015625007,TRAILING_STOP
2023-05-10,ABB.NS,3753.412353515625,3761.693603515625,157.34375,RSI_OVERBOUGHT
2023-05-11,ABB.NS,3761.693603515625,3806.06005859375,842.962646484375,RSI_OVERBOUGHT
2023-05-12,ALKEM.NS,3507.716796875,3316.65478515625,-6687.17041015625,TRAILING_STOP
2023-05-12,ABB.NS,3806.06005859375,3887.003173828125,1537.919189453125,RSI_OVERBOUGHT
2023-05-17,APARINDS.NS,2542.9462890625,2728.913330078125,5393.044189453125,TARGET_HIT
2023-05-18,APLAPOLLO.NS,1185.6366459773137,1103.023193359375,-8591.799072265627,BEAR_ZONE
2023-05-30,AIAENG.NS,2748.0797906691027,2933.59765625,11502.107666015629,TARGET_HIT
2023-05-31,ABB.NS,3867.5213234641337,4067.770263671875,8810.953369140616,RSI_OVERBOUGHT
2023-06-09,AIAENG.NS,2969.405106707317,3181.8193359375,8708.983398437507,TARGET_HIT
2023-06-09,APARINDS.NS,2677.398628566576,2965.793701171875,13266.173339843754,TARGET_HIT
2023-06-15,AMBUJACEM.NS,458.83831787109375,452.6658325195313,-1006.1151123046782,BEAR_ZONE
2023-06-16,ABBOTINDIA.NS,20418.819196428572,21777.359375,9509.781249999993,TARGET_HIT
2023-06-16,AIAENG.NS,3264.5150981702304,3432.361083984375,6378.147460937494,RSI_OVERBOUGHT
2023-06-19,AMBUJACEM.NS,455.1842041015625,447.2340393066406,-1303.8270263671875,BEAR_ZONE
2023-06-26,APARINDS.NS,3044.578076171875,3274.54931640625,9198.849609374993,TARGET_HIT
2023-06-28,AIAENG.NS,3364.715908203125,3218.295166015625,-7321.037109374993,TRAILING_STOP
2023-06-30,ADANIPORTS.NS,744.615234375,727.63623046875,-1697.900390625,BEAR_ZONE
2023-07-11,ABB.NS,4126.431831173781,4435.859375,12686.529296874993,TARGET_HIT
2023-07-17,ALKEM.NS,3279.4386690579927,3530.513427734375,13055.88745117188,TARGET_HIT
2023-07-18,AIAENG.NS,3222.458017025354,3449.044189453125,12009.067138671868,TARGET_HIT
2023-07-20,APARINDS.NS,3378.42964441636,3640.326171875,13356.722900390632,TARGET_HIT
2023-07-20,ABB.NS,4403.6055591724535,4144.76904296875,-6988.585937499994,TRAILING_STOP
2023-07-25,ALKEM.NS,3600.9072265625,3843.857666015625,4859.0087890625,TARGET_HIT
2023-07-28,ABBOTINDIA.NS,21917.53292410714,23391.58984375,10318.398437500011,TARGET_HIT
2023-07-28,APLAPOLLO.NS,1410.1912841796875,1522.8739013671875,5972.1787109375,TARGET_HIT
2023-07-31,ABB.NS,4206.388604525862,4488.65478515625,8185.719238281243,TARGET_HIT
2023-08-01,APOLLOHOSP.NS,5149.68361497962,4990.8134765625,-3654.013183593759,TRAILING_STOP
2023-08-09,APARINDS.NS,3667.3532077955165,3930.923583984375,12124.237304687493,TARGET_HIT
2023-08-11,APOLLOTYRE.NS,411.99358746863356,384.5338439941406,-8292.842529296868,TRAILING_STOP
2023-08-18,ABBOTINDIA.NS,23134.806640625,22749.583984375,-2696.55859375,TRAILING_STOP
2023-08-18,ADANIPORTS.NS,772.098518371582,828.299072265625,8992.088623046875,TARGET_HIT
2023-08-18,ADANIPOWER.NS,55.79393400470824,60.91999816894531,11477.257663726803,TARGET_HIT
2023-08-21,ADANIPOWER.NS,60.91999816894531,64.97000122070312,4985.553756713867,TARGET_HIT
2023-08-21,APARINDS.NS,4804.5498046875,4911.90087890625,1610.26611328125,RSI_OVERBOUGHT
2023-08-22,ADANIPOWER.NS,64.97000122070312,69.4800033569336,5204.542465209961,TARGET_HIT
2023-08-23,PAGEIND.NS,38870.6953125,38444.640625,-426.0546875,BEAR_ZONE
2023-08-25,AMBUJACEM.NS,450.0389404296875,431.7116088867188,-3042.337036132803,BEAR_ZONE
2023-08-31,ADANIPORTS.NS,825.8166294642857,784.9964599609375,-8572.235595703125,TRAILING_STOP
2023-09-08,AIAENG.NS,3446.823067801339,3675.35107421875,11197.872314453129,TARGET_HIT
2023-09-11,ADANIPORTS.NS,784.9964599609375,874.4258422851562,8495.791320800781,TARGET_HIT
2023-09-13,ABB.NS,4410.894132915296,4285.37255859375,-4769.819824218741,TRAILING_STOP
2023-09-22,ALKEM.NS,3624.222380942487,3462.862060546875,-7583.935058593754,TRAILING_STOP
2023-09-25,AIAENG.NS,3603.399658203125,3351.501708984375,-5037.958984375,TRAILING_STOP
2023-09-29,ABB.NS,4187.5822164601295,4045.639892578125,-4116.327392578131,TRAILING_STOP
2023-09-29,ADANIENT.NS,2473.056640625,2411.760986328125,-1838.86962890625,BEAR_ZONE
2023-10-09,ADANIPOWER.NS,75.34254975588041,68.4000015258789,-16113.654441833496,TRAILING_STOP
2023-10-12,ABBOTINDIA.NS,22781.584542410714,21687.142578125,-7661.093749999996,TRAILING_STOP
2023-10-16,PAGEIND.NS,37962.166015625,37439.4296875,-1045.47265625,BEAR_ZONE
2023-10-18,PAGEIND.NS,37831.15234375,37147.19140625,-683.9609375,BEAR_ZONE
2023-10-20,ABB.NS,4128.1956578696645,3963.755126953125,-6742.0617675781195,TRAILING_STOP
2023-10-23,ACC.NS,2006.058379417242,1884.3448486328125,-10467.363647460928,BEAR_ZONE
2023-10-23,ADANIPORTS.NS,827.3205982949496,764.4351196289062,-13268.835998535147,TRAILING_STOP
2023-10-23,ADANIENT.NS,2458.2106833944517,2306.604248046875,-7428.71533203126,BEAR_ZONE
2023-10-23,ADANIPOWER.NS,69.44999694824219,63.290000915527344,-6646.635719299316,TRAILING_STOP
2023-10-27,ADANIPOWER.NS,63.290000915527344,70.83000183105469,8934.901084899902,TARGET_HIT
2023-11-01,AIAENG.NS,3378.168701171875,3647.464599609375,5924.509765625,TARGET_HIT
2023-11-02,ALKEM.NS,3446.4775390625,3698.489013671875,5292.240966796875,TARGET_HIT
2023-11-08,ABBOTINDIA.NS,21893.447265625,23591.625,11887.244140625,TARGET_HIT
2023-11-08,ABB.NS,3958.7627301897323,4220.66357421875,10999.835449218743,TARGET_HIT
2023-11-09,ADANIENT.NS,2257.947265625,2212.687255859375,-1493.580322265625,BEAR_ZONE
2023-11-13,ABBOTINDIA.NS,23591.625,22509.49609375,-3246.38671875,TRAILING_STOP
2023-11-15,APARINDS.NS,5075.876892089844,5554.2265625,15307.189453125,TARGET_HIT
2023-11-16,ADANIENT.NS,2223.427734375,2203.945068359375,-642.927978515625,BEAR_ZONE
2023-11-28,ADANIPORTS.NS,764.576375860917,830.0827026367188,14935.442504882803,TARGET_HIT
2023-11-28,ADANIPOWER.NS,78.38200721262176,89.23999786376953,24235.03513336183,TARGET_HIT
2023-11-29,ALKEM.NS,4441.6005859375,4454.32763671875,203.6328125,RSI_OVERBOUGHT
2023-12-04,ABB.NS,4226.830967047275,4571.30419921875,13434.45605468751,TARGET_HIT
2023-12-04,ACC.NS,1857.2847086588542,2005.65771484375,9792.61840820312,TARGET_HIT
2023-12-04,ADANIGREEN.NS,1052.800048828125,1123.75,5037.446533203125,TARGET_HIT
2023-12-05,ADANIENT.NS,2463.076580436862,2956.727783203125,24188.908935546882,TARGET_HIT
2023-12-05,ADANIPORTS.NS,845.816911969866,1003.8877563476562,23236.41412353516,TARGET_HIT
2023-12-05,ACC.NS,2005.65771484375,2169.82470703125,6074.1787109375,TARGET_HIT
2023-12-05,ADANIGREEN.NS,1123.75,1348.5,14833.5,TARGET_HIT
2023-12-05,ADANIPOWER.NS,92.94000244140624,107.62999725341795,11840.135818481445,TARGET_HIT
2023-12-06,ADANIGREEN.NS,1348.5,1563.449951171875,11822.247314453125,TARGET_HIT
2023-12-06,ADANIPORTS.NS,1003.8877563476562,1008.6936645507812,355.63720703125,RSI_OVERBOUGHT
2023-12-06,ADANIPOWER.NS,107.62999725341795,112.08999633789062,3104.1593627929788,RSI_OVERBOUGHT
2023-12-07,ADANIGREEN.NS,1563.449951171875,1624.1500244140625,2852.9034423828125,RSI_OVERBOUGHT
2023-12-07,ADANIPORTS.NS,1008.6936645507812,1030.1964111328125,1591.2032470703125,RSI_OVERBOUGHT
2023-12-07,ADANIPOWER.NS,112.08999633789062,112.4800033569336,260.9146957397461,RSI_OVERBOUGHT
2023-12-12,ABBOTINDIA.NS,22605.71707589286,22190.9453125,-2903.402343750011,TRAILING_STOP
2023-12-12,ADANIGREEN.NS,1624.1500244140625,1463.9000244140625,-7371.5,TRAILING_STOP
2023-12-12,ADANIPORTS.NS,1030.1964111328125,1032.475341796875,164.0830078125,RSI_OVERBOUGHT
2023-12-13,ADANIPORTS.NS,1032.475341796875,1053.8294677734375,1537.4970703125,RSI_OVERBOUGHT
2023-12-20,ACC.NS,2141.3287963867188,2072.34716796875,-5518.5302734375,TRAILING_STOP
2023-12-20,ABBOTINDIA.NS,22173.77578125,21520.259765625,-3267.5800781249927,BEAR_ZONE
2023-12-26,ADANIGREEN.NS,1459.2000244140625,1600.199951171875,11984.993774414066,TARGET_HIT
2023-12-28,APLAPOLLO.NS,1601.922693323206,1532.593505859375,-7487.552246093745,TRAILING_STOP
2024-01-02,ACC.NS,2103.25410275343,2251.759033203125,12177.404296875004,TARGET_HIT
2024-01-02,ADANIPORTS.NS,1002.9464111328124,1068.5941162109375,4857.930175781258,TARGET_HIT
2024-01-03,ADANIGREEN.NS,1589.6444886933773,1697.25,11729.000732421875,TARGET_HIT
2024-01-04,ADANIPOWER.NS,103.01233874838822,111.70999908447266,14768.627250671378,TARGET_HIT
2024-01-08,ADANIPORTS.NS,1085.7280466180098,1158.221435546875,8264.246337890634,TARGET_HIT
2024-01-08,PAGEIND.NS,37663.78515625,36332.59765625,-1331.1875,BEAR_ZONE
2024-01-10,ABBOTINDIA.NS,22463.695870535714,23925.630859375,10233.544921875004,TARGET_HIT
2024-01-12,ADANIENT.NS,2914.2365060579978,3101.349365234375,11039.658691406257,TARGET_HIT
2024-01-15,ABBOTINDIA.NS,24202.62890625,25482.3515625,5118.890625,RSI_OVERBOUGHT
2024-01-23,ACC.NS,2280.4126233552633,2192.81591796875,-6657.349609375015,TRAILING_STOP
2024-01-23,ADANIPORTS.NS,1200.4480561191597,1126.7601318359375,-7589.856201171884,TRAILING_STOP
2024-01-25,ACC.NS,2192.81591796875,2450.73583984375,8769.27734375,TARGET_HIT
2024-01-29,AIAENG.NS,3719.9823183001895,3991.90380859375,8973.409179687496,TARGET_HIT
2024-02-01,ABB.NS,4660.011745876736,4487.69140625,-6203.532226562507,TRAILING_STOP
2024-02-01,ADANIENT.NS,2959.246893521013,3150.70556640625,11104.603027343739,TARGET_HIT
2024-02-02,ABBOTINDIA.NS,24742.589192708332,27284.705078125,15252.695312500007,TARGET_HIT
2024-02-02,ADANIPORTS.NS,1163.0862406276217,1249.9793701171875,12947.076293945305,TARGET_HIT
2024-02-07,ADANIGREEN.NS,1691.0093276079963,1866.0,17849.04858398438,TARGET_HIT
2024-02-07,ABBOTINDIA.NS,27284.705078125,27929.384765625,1289.359375,RSI_OVERBOUGHT
2024-02-08,AIAENG.NS,4422.53955078125,3901.4443359375,-8337.5234375,TRAILING_STOP
2024-02-16,ACC.NS,2521.512635161911,2701.75341796875,12436.61401367189,TARGET_HIT
2024-02-21,ABB.NS,4435.106959292763,4920.71044921875,18452.932617187493,TARGET_HIT
2024-03-04,ABBOTINDIA.NS,27906.9990234375,26839.13671875,-4271.44921875,TRAILING_STOP
2024-03-12,ACC.NS,2685.7439453125,2544.0419921875,-6376.587890624992,TRAILING_STOP
2024-03-13,ADANIENT.NS,3178.6025713074882,2903.624755859375,-14573.824218750002,TRAILING_STOP
2024-03-13,ADANIPORTS.NS,1258.8918209352355,1198.551513671875,-8326.96240234375,TRAILING_STOP
2024-03-13,ADANIGREEN.NS,1870.0397778582828,1725.0,-13488.699340820303,TRAILING_STOP
2024-03-19,ADANIPOWER.NS,109.28825050148836,103.63999938964844,-9031.553527832042,TRAILING_STOP
2024-03-22,ABB.NS,5486.861165364583,5890.79541015625,12118.02734375001,TARGET_HIT
2024-03-26,ABBOTINDIA.NS,26860.96240234375,25959.32421875,-3606.552734375,TRAILING_STOP
2024-03-28,ADANIPORTS.NS,1245.6515052872476,1329.6484375,8315.69628906249,TARGET_HIT
2024-03-28,ABB.NS,5875.94833984375,6279.1953125,8064.939453125007,TARGET_HIT
2024-04-01,AIAENG.NS,3695.083066998106,3953.4892578125,8527.404296875002,TARGET_HIT
2024-04-01,ADANIPOWER.NS,103.63999938964844,112.08999633789062,6109.347793579102,TARGET_HIT
2024-04-02,ACC.NS,2445.4793526785716,2630.4951171875,12951.10351562499,TARGET_HIT
2024-04-03,ADANIPOWER.NS,112.08999633789062,123.56999969482422,7680.122245788574,TARGET_HIT
2024-04-12,ACC.NS,2617.028982451468,2451.38134765625,-10932.743896484386,TRAILING_STOP
2024-04-18,ADANIENT.NS,3104.4920543323865,3016.62451171875,-4832.714843750007,TRAILING_STOP
2024-04-18,ADANIPORTS.NS,1354.5635070800781,1283.76953125,-9061.62890625,TRAILING_STOP
2024-04-19,ABB.NS,6338.0141796875,6211.82080078125,-3154.834472656239,TRAILING_STOP
2024-04-23,ABBOTINDIA.NS,26260.712890625,25010.484375,-5000.9140625,TRAILING_STOP
2024-04-29,AIAENG.NS,3952.141015625,3739.1630859375,-6389.337890624997,TRAILING_STOP
2024-05-06,ADANIENT.NS,3041.36259765625,2872.1025390625,-6770.402343749993,TRAILING_STOP
2024-05-06,ABB.NS,6256.934045862268,6875.744140625,16707.872558593757,TARGET_HIT
2024-05-07,ADANIGREEN.NS,1856.4258481917843,1726.0,-12129.603881835943,TRAILING_STOP
2024-05-09,ADANIPORTS.NS,1292.2809626261394,1233.2332763671875,-5668.577880859382,TRAILING_STOP
2024-05-10,ACC.NS,2450.789756000906,2343.97265625,-7370.379882812513,TRAILING_STOP
2024-05-13,ABB.NS,6873.677836100261,7909.9267578125,24869.974121093743,TARGET_HIT
2024-05-14,ADANIENT.NS,2829.4862200627563,3034.8583984375,12527.702880859368,TARGET_HIT
2024-05-14,ADANIPORTS.NS,1233.2332763671875,1319.1448974609375,5154.697265625,TARGET_HIT
2024-05-15,ADANIPOWER.NS,119.11189808222768,127.9499969482422,9271.165710449231,TARGET_HIT
2024-05-16,ABB.NS,7965.589146205357,8227.8388671875,5507.2441406250055,RSI_OVERBOUGHT
2024-05-17,ABB.NS,8227.8388671875,8293.4228515625,590.255859375,RSI_OVERBOUGHT
2024-05-21,ADANIGREEN.NS,1739.0702224885574,1859.3499755859373,11907.695556640605,TARGET_HIT
2024-05-21,ADANIPOWER.NS,127.9499969482422,136.00999450683594,4723.158569335929,TARGET_HIT
2024-05-21,ABB.NS,8293.4228515625,8469.716796875,1586.6455078125,RSI_OVERBOUGHT
2024-05-22,AIAENG.NS,3739.1630859375,3615.989990234375,-2463.4619140625,BEAR_ZONE
2024-05-23,ACC.NS,2408.9747194102115,2598.466064453125,13453.885498046859,TARGET_HIT
2024-05-23,ADANIENT.NS,3061.16357421875,3384.29833984375,18095.546875,TARGET_HIT
2024-05-23,ADANIPORTS.NS,1336.0225271772044,1430.2254638671875,12152.178833007814,TARGET_HIT
2024-05-30,ALKEM.NS,5265.818401834239,4856.50048828125,-9414.312011718746,TRAILING_STOP
2024-05-31,ADANIPOWER.NS,138.40139829706598,151.16000366210938,16114.118576049807,TARGET_HIT
2024-06-03,ADANIGREEN.NS,1869.6793372112772,2038.0,15485.500976562493,TARGET_HIT
2024-06-03,ADANIENT.NS,3333.152640548407,3642.019775390625,15752.223876953123,TARGET_HIT
2024-06-03,ADANIPORTS.NS,1399.802269720262,1569.5469970703125,21048.346191406254,TARGET_HIT
2024-06-03,ADANIPOWER.NS,151.16000366210938,174.89999389648438,11775.03515625,TARGET_HIT
2024-06-04,ABB.NS,8397.657606336805,7595.3818359375,-14440.963867187485,TRAILING_STOP
2024-06-04,ACC.NS,2540.3716512651586,2266.407958984375,-18355.5673828125,TRAILING_STOP
2024-06-05,ADANIGREEN.NS,1646.0,1828.8499755859373,8228.248901367177,TARGET_HIT
2024-06-05,ADANIPORTS.NS,1237.5931396484375,1342.282470703125,6281.35986328125,TARGET_HIT
2024-06-07,ACC.NS,2311.212001584611,2481.970458984375,9050.198242187504,TARGET_HIT
2024-06-07,ADANIENT.NS,3006.5249916634907,3216.697265625,8617.06323242188,TARGET_HIT
2024-06-10,ABBOTINDIA.NS,25159.34375,27160.017578125,8002.6953125,TARGET_HIT
2024-06-10,ADANIPOWER.NS,144.58999633789062,153.94000244140625,4843.303161621094,TARGET_HIT
2024-06-13,ABB.NS,7751.755301339285,8367.97265625,12940.564453125007,TARGET_HIT
2024-06-14,ABB.NS,8367.97265625,8936.03515625,4544.5,TARGET_HIT
2024-06-18,ALKEM.NS,4807.53115234375,5122.798828125,7881.691894531241,TARGET_HIT
2024-06-19,AIAENG.NS,4085.882080078125,4234.5322265625,2675.70263671875,RSI_OVERBOUGHT
2024-06-21,ADANIPORTS.NS,1376.723189453125,1478.3077392578125,12698.068725585927,TARGET_HIT
2024-06-24,AIAENG.NS,4226.25652204241,4258.8701171875,913.1806640625109,RSI_OVERBOUGHT
2024-07-01,ACC.NS,2537.177628702192,2738.545654296875,13491.657714843754,TARGET_HIT
2024-07-12,ABB.NS,8762.939181857639,8132.83154296875,-11341.937499999996,TRAILING_STOP
2024-07-19,ABB.NS,8132.83154296875,7549.5625,-5249.42138671875,TRAILING_STOP
2024-07-30,AIAENG.NS,4258.8701171875,4620.359375,6145.3173828125,TARGET_HIT
2024-08-01,ADANIPORTS.NS,1486.1761474609375,1582.451171875,7990.8270263671875,TARGET_HIT
2024-08-01,ACC.NS,2673.197456691576,2477.8974609375,-8983.799804687496,TRAILING_STOP
2024-08-05,ADANIPORTS.NS,1582.451171875,1486.6173095703125,-4504.1915283203125,TRAILING_STOP
2024-08-06,ACC.NS,2433.892822265625,2332.932861328125,-5148.9580078125,BEAR_ZONE
2024-08-08,ALKEM.NS,5225.931640625,5583.23779296875,5002.2861328125,TARGET_HIT
2024-08-22,ABBOTINDIA.NS,26731.20751953125,28756.09765625,8099.560546875,TARGET_HIT
2024-08-26,ADANIPOWER.NS,150.88692094541193,132.25999450683594,-21588.607742309574,TRAILING_STOP
2024-08-28,AIAENG.NS,4544.124551309122,4336.619140625,-7677.700195312502,TRAILING_STOP
2024-08-30,ALKEM.NS,5583.23779296875,6063.0458984375,6237.50537109375,TARGET_HIT
2024-09-04,ADANIENT.NS,3242.526330336085,3010.857421875,-12278.452148437495,BEAR_ZONE
2024-09-11,ADANIPORTS.NS,1493.8082085971175,1423.673583984375,-8135.616455078133,TRAILING_STOP
2024-09-13,ADANIGREEN.NS,1838.829237917636,1788.199951171875,-4759.152954101531,TRAILING_STOP
2024-09-16,ADANIGREEN.NS,1788.199951171875,1930.800048828125,5846.60400390625,TARGET_HIT
2024-09-18,ABBOTINDIA.NS,28917.64794921875,27401.416015625,-6064.927734375,TRAILING_STOP
2024-09-19,ACC.NS,2472.066093893612,2433.02880859375,-2654.535400390623,BEAR_ZONE
2024-09-23,ALKEM.NS,6077.7654296875,5878.4140625,-3987.0273437499964,TRAILING_STOP
2024-09-24,ADANIGREEN.NS,1943.5579465835813,2070.550048828125,8000.5024414062555,TARGET_HIT
2024-09-25,ACC.NS,2476.30419921875,2446.026123046875,-908.34228515625,BEAR_ZONE
2024-09-30,ADANIGREEN.NS,2066.75,1902.699951171875,-5905.8017578125,TRAILING_STOP
2024-10-01,ABB.NS,7654.929547991072,8202.2578125,11493.893554687496,TARGET_HIT
2024-10-03,ACC.NS,2503.344970703125,2448.86474609375,-1579.926513671875,BEAR_ZONE
2024-10-04,ADANIGREEN.NS,1807.800048828125,1801.199951171875,-270.60400390625,BEAR_ZONE
2024-10-07,ADANIPOWER.NS,129.4122556492984,125.08999633789062,-5839.372329711907,BEAR_ZONE
2024-10-07,AMBUJACEM.NS,624.812744140625,588.19677734375,-4393.916015625,BEAR_ZONE
2024-10-07,ADANIPORTS.NS,1401.3819580078125,1348.6385498046875,-2795.400634765625,TRAILING_STOP
2024-10-07,ADANIENT.NS,3107.9193359375,3016.504638671875,-3656.5878906249964,BEAR_ZONE
2024-10-08,AIAENG.NS,4326.111490885417,4110.701171875,-8401.002441406261,TRAILING_STOP
2024-10-16,ADANIPOWER.NS,126.88999938964844,125.16000366210938,-1022.4274749755859,BEAR_ZONE
2024-10-21,APARINDS.NS,10462.510387073864,9717.21875,-8198.208007812504,TRAILING_STOP
2024-10-22,ADANIPORTS.NS,1391.591802781628,1356.2515869140625,-4382.186767578131,BEAR_ZONE
2024-10-22,AIAENG.NS,4104.117211318598,3961.730224609375,-5837.866455078126,BEAR_ZONE
2024-10-23,ABB.NS,8337.90925678454,7642.4521484375,-13213.685058593761,TRAILING_STOP
2024-10-23,ALKEM.NS,6072.479631696428,5752.73779296875,-8952.771484374996,TRAILING_STOP
2024-10-23,APLAPOLLO.NS,1554.832710884713,1481.7283935546875,-8114.579223632822,BEAR_ZONE
2024-10-31,ADANIPORTS.NS,1389.4400634765625,1369.2880859375,-1068.0548095703125,BEAR_ZONE
2024-10-31,APARINDS.NS,9374.74609375,10003.125,5027.03125,TARGET_HIT
2024-10-31,ASHOKLEY.NS,101.25508880615234,100.66996002197266,-432.99530029296875,BEAR_ZONE
2024-10-31,ASIANPAINT.NS,2959.55517578125,2899.310302734375,-1506.121826171875,BEAR_ZONE
2024-11-04,APOLLOTYRE.NS,496.147705078125,476.7419738769531,-2930.265411376953,BEAR_ZONE
2024-11-07,ABB.NS,7368.705993652344,6944.00927734375,-6795.1474609375,BEAR_ZONE
2024-11-11,APARINDS.NS,10003.125,8683.0419921875,-9240.5810546875,TRAILING_STOP
2024-11-11,AUROPHARMA.NS,1391.2774658203125,1284.2293701171875,-5673.549072265625,TRAILING_STOP
2024-11-13,ABBOTINDIA.NS,27583.41845703125,27250.271484375,-1332.587890625,TRAILING_STOP
2024-11-13,APOLLOHOSP.NS,6966.171813964844,6831.337890625,-3236.01416015625,TRAILING_STOP
2024-11-13,APLAPOLLO.NS,1515.16162109375,1493.0887451171875,-1081.5709228515625,BEAR_ZONE
2024-11-26,BEL.NS,275.6475830078125,294.3204650878906,5079.02392578125,TARGET_HIT
2024-11-29,APARINDS.NS,9423.5068359375,10041.8955078125,4328.720703125,TARGET_HIT
2024-11-29,BHARTIARTL.NS,1512.8526611328125,1613.6600341796875,4939.561279296875,TARGET_HIT
2024-12-03,APOLLOHOSP.NS,6660.0771484375,7097.96337890625,4816.74853515625,TARGET_HIT
2024-12-05,BSE.NS,1570.8289794921875,1726.18896484375,7301.9193115234375,TARGET_HIT
2024-12-12,ALKEM.NS,5612.175553385417,5340.72998046875,-8143.367187499998,TRAILING_STOP
2024-12-13,BOSCHLTD.NS,33842.6640625,35981.2421875,4277.15625,TARGET_HIT
2024-12-13,ALKEM.NS,5340.72998046875,5279.1201171875,-862.5380859375,BEAR_ZONE
2024-12-16,ABB.NS,7352.335893110795,7827.5166015625,10453.97558593751,TARGET_HIT
2024-12-17,BAJAJFINSV.NS,1678.8819580078125,1642.349853515625,-1607.41259765625,BEAR_ZONE
2024-12-19,ASHOKLEY.NS,110.76174019739805,106.98004150390624,-5967.520538330091,TRAILING_STOP
2024-12-19,ABB.NS,7798.5890625,7293.3544921875,-7578.518554687503,BEAR_ZONE
2024-12-19,BAJFINANCE.NS,710.8934326171875,687.612060546875,-2444.5440673828125,BEAR_ZONE
2024-12-20,ALKEM.NS,5398.7041015625,5333.11474609375,-852.66162109375,BEAR_ZONE
2024-12-24,APLAPOLLO.NS,1565.8906183416193,1510.976318359375,-6040.572998046873,BEAR_ZONE
2025-01-01,ABBOTINDIA.NS,27844.1611328125,29607.6875,7054.10546875,TARGET_HIT
2025-01-02,ASHOKLEY.NS,106.79913390199803,115.20777130126952,13764.93942260742,TARGET_HIT
2025-01-03,APARINDS.NS,10049.929626464844,10886.2470703125,13381.0791015625,TARGET_HIT
2025-01-03,APOLLOTYRE.NS,528.9340161872633,503.0256652832031,-8549.755798339856,TRAILING_STOP
2025-01-06,BEL.NS,291.0045190896845,278.7597351074219,-7359.115173339834,TRAILING_STOP
2025-01-07,BOSCHLTD.NS,33637.319010416664,32518.33984375,-3356.9374999999927,BEAR_ZONE
2025-01-08,APARINDS.NS,11597.3369140625,10721.671875,-5253.990234375,TRAILING_STOP
2025-01-09,ALKEM.NS,5466.0615234375,5359.10498046875,-1390.43505859375,BEAR_ZONE
2025-01-09,ASHOKLEY.NS,109.56645965576172,104.62786102294922,-3378.00146484375,BEAR_ZONE
2025-01-10,APOLLOHOSP.NS,7226.201837713068,7008.52392578125,-4788.914062499996,TRAILING_STOP
2025-01-10,APLAPOLLO.NS,1570.5141477946993,1515.4107666015625,-4353.167114257806,BEAR_ZONE
2025-01-13,ABBOTINDIA.NS,29480.458984375,28163.55078125,-3950.724609375,TRAILING_STOP
2025-01-15,BSE.NS,1746.9686094341855,1922.6029052734373,17387.795288085923,TARGET_HIT
2025-01-24,APARINDS.NS,10333.102604166666,9256.89453125,-16143.121093749996,TRAILING_STOP
2025-01-27,APLAPOLLO.NS,1543.4132080078125,1510.6773681640625,-1571.3203125,BEAR_ZONE
2025-01-27,APARINDS.NS,9256.89453125,8911.041015625,-2766.828125,BEAR_ZONE
2025-01-28,BSE.NS,1914.3429870605469,1713.5123291015625,-12853.162109375,TRAILING_STOP
2025-01-29,BAJAJFINSV.NS,1681.6321722292432,1789.5281982421875,11005.394653320316,TARGET_HIT
2025-01-29,BAJFINANCE.NS,721.2440813626491,771.206298828125,12040.894409179686,TARGET_HIT
2025-01-30,COFORGE.NS,1731.756113831426,1649.9805908203125,-5806.062133789065,TRAILING_STOP
2025-02-01,CRISIL.NS,5027.783203125,5344.19775390625,4429.8037109375,TARGET_HIT
2025-02-04,COROMANDEL.NS,1734.3527127118177,1857.7431640625,8760.722045898441,TARGET_HIT
2025-02-05,BSE.NS,1745.2080897739954,1938.2535400390625,13513.181518554695,TARGET_HIT
2025-02-05,BAJFINANCE.NS,795.1038208007812,845.7264404296875,4758.5262451171875,TARGET_HIT
2025-02-06,BEL.NS,285.47802734375,276.3885803222656,-2381.4351196289062,BEAR_ZONE
2025-02-10,BHARTIARTL.NS,1569.5716429544152,1679.013671875,11929.181152343743,TARGET_HIT
2025-02-11,APOLLOHOSP.NS,6713.63994140625,6292.009765625,-10540.754394531246,BEAR_ZONE
2025-02-11,BSE.NS,1938.2535400390625,1723.6138916015625,-8156.306640625,TRAILING_STOP
2025-02-14,ABBOTINDIA.NS,28841.927734375,27457.3359375,-5538.3671875,BEAR_ZONE
2025-02-17,BAJAJFINSV.NS,1775.958194732666,1893.92724609375,11325.028930664062,TARGET_HIT
2025-02-17,COFORGE.NS,1601.874732079444,1522.4971923828125,-6112.070556640618,TRAILING_STOP
2025-02-18,CRISIL.NS,5344.19775390625,4777.376953125,-7935.4912109375,TRAILING_STOP
2025-02-18,CHOLAFIN.NS,1355.325927734375,1348.7838134765625,-359.8162841796875,BEAR_ZONE
2025-02-19,BSE.NS,1725.5176623535156,1871.0986328125,14558.097045898445,TARGET_HIT
2025-02-19,CRISIL.NS,4777.376953125,4612.873046875,-2467.55859375,BEAR_ZONE
2025-02-24,BHARTIARTL.NS,1674.9919303227398,1588.0242919921875,-8957.666748046886,TRAILING_STOP
2025-02-24,COROMANDEL.NS,1760.5618146623883,1657.446533203125,-7218.069702148432,TRAILING_STOP
2025-02-27,BSE.NS,1868.2515647194602,1715.4229736328125,-10086.687011718752,TRAILING_STOP
2025-02-28,COROMANDEL.NS,1657.446533203125,1654.1221923828125,-149.5953369140625,BEAR_ZONE
2025-03-03,ABBOTINDIA.NS,28647.423828125,30755.205078125,8431.125,TARGET_HIT
2025-03-03,BSE.NS,1640.4522965494791,1448.581298828125,-14390.324829101559,TRAILING_STOP
2025-03-04,BAJAJFINSV.NS,1888.0301339285713,1789.42822265625,-8972.77392578124,TRAILING_STOP
2025-03-11,BSE.NS,1428.52783203125,1265.9239501953125,-8455.40185546875,BEAR_ZONE
2025-03-17,COROMANDEL.NS,1699.2183904778467,1874.3145751953125,12782.021484375004,TARGET_HIT
2025-03-20,CHOLAFIN.NS,1381.3755830078126,1491.4129638671875,13754.672607421868,TARGET_HIT
2025-03-21,BAJFINANCE.NS,830.1420965605375,886.1420288085938,11703.985839843748,TARGET_HIT
2025-03-21,BHARTIARTL.NS,1592.3714532414708,1711.4921875,12984.16003417968,TARGET_HIT
2025-03-25,BAJAJFINSV.NS,1821.2531283764129,1944.1029052734373,11547.879028320294,TARGET_HIT
2025-03-26,APLAPOLLO.NS,1505.0470841117526,1492.8397216796875,-1403.8466796874877,BEAR_ZONE
2025-03-27,COFORGE.NS,1501.3720418995824,1606.4393310546875,12187.805541992188,TARGET_HIT
2025-03-28,BSE.NS,1486.8770751953125,1820.8570556640625,16698.9990234375,TARGET_HIT
2025-04-02,BEL.NS,295.434423807505,280.552001953125,-8810.393737792976,BEAR_ZONE
2025-04-04,ABBOTINDIA.NS,30467.89404296875,28677.986328125,-7159.630859375,TRAILING_STOP
2025-04-04,DIVISLAB.NS,5568.3618396577385,5457.99755859375,-2317.649902343759,BEAR_ZONE
2025-04-07,BAJAJFINSV.NS,1960.8067725170615,1851.747802734375,-9488.130371093726,TRAILING_STOP
2025-04-07,APLAPOLLO.NS,1532.9002458690543,1434.9915771484375,-11063.679565429697,BEAR_ZONE
2025-04-15,BSE.NS,1840.5391391186004,1979.7559814453125,13086.383178710941,TARGET_HIT
2025-04-15,CHOLAFIN.NS,1434.5170464633911,1558.4326171875,14993.784057617173,TARGET_HIT
2025-04-15,ABBOTINDIA.NS,28641.263671875,30524.86328125,5650.798828125,TARGET_HIT
2025-04-15,COROMANDEL.NS,1981.1753323462701,2177.215576171875,12154.495117187502,TARGET_HIT
2025-04-15,EICHERMOT.NS,5000.412109375,5458.2255859375,6409.388671875,TARGET_HIT
2025-04-17,BHARTIARTL.NS,1717.286810846612,1873.438232421875,15771.293579101555,TARGET_HIT
2025-04-17,BAJAJFINSV.NS,1896.091580904447,2034.3089599609373,8984.129638671866,TARGET_HIT
2025-04-22,BERGEPAINT.NS,522.8906860351562,575.3386840820312,7500.063720703125,TARGET_HIT
2025-04-25,AMBUJACEM.NS,575.792236328125,546.69873046875,-3782.15576171875,BEAR_ZONE
2025-04-29,BEL.NS,291.778076171875,315.02496337890625,5974.450012207031,TARGET_HIT
2025-04-30,BAJFINANCE.NS,885.5584803989956,858.15478515625,-5371.124267578134,TRAILING_STOP
2025-04-30,BAJAJFINSV.NS,2034.3089599609373,1950.649658203125,-3011.734863281242,TRAILING_STOP
2025-05-02,ASHOKLEY.NS,110.24779781016642,107.43387603759766,-4460.066009521487,BEAR_ZONE
2025-05-06,BANKBARODA.NS,239.34161376953125,216.45050048828125,-7164.91845703125,BEAR_ZONE
2025-05-09,APOLLOHOSP.NS,6950.0112711588545,6704.50634765625,-5892.118164062507,BEAR_ZONE
2025-05-12,APLAPOLLO.NS,1580.897782759233,1706.8427734375,13853.948974609371,TARGET_HIT
2025-05-13,BEL.NS,313.7831115722656,333.55291748046875,4724.983612060547,TARGET_HIT
2025-05-19,BAJFINANCE.NS,865.1577379217196,921.1253662109376,11249.493286132829,TARGET_HIT
2025-05-29,ADANIPORTS.NS,1323.4558552749284,1431.634765625,14171.437255859386,TARGET_HIT
2025-05-30,AMBUJACEM.NS,563.1811506866869,551.481201171875,-2585.6888427734343,BEAR_ZONE
2025-06-03,APOLLOHOSP.NS,6899.497416178386,6794.7705078125,-2513.4458007812573,BEAR_ZONE
2025-06-04,APLAPOLLO.NS,1766.6154961340205,1887.81103515625,11755.96728515626,TARGET_HIT
2025-06-06,AUBANK.NS,689.8315788147942,748.6267700195312,14816.388183593745,TARGET_HIT
2025-06-06,APLAPOLLO.NS,1887.81103515625,1914.2188720703125,1029.9056396484375,RSI_OVERBOUGHT
2025-06-09,BAJFINANCE.NS,897.9000244140625,960.75,5216.5479736328125,TARGET_HIT
2025-06-12,AMBUJACEM.NS,553.1251831054688,546.3499755859375,-914.6530151367188,BEAR_ZONE
2025-06-12,APLAPOLLO.NS,1914.2188720703125,1829.7138671875,-3295.6951904296875,TRAILING_STOP
2025-06-12,ADANIENT.NS,2580.82080078125,2542.439453125,-1113.05908203125,BEAR_ZONE
2025-06-18,ADANIPORTS.NS,1426.669741291645,1372.5999755859375,-6542.4416503906195,TRAILING_STOP
2025-06-18,ADANIPOWER.NS,113.43000030517578,110.16000366210938,-2161.4677810668945,BEAR_ZONE
2025-06-26,ABBOTINDIA.NS,30476.78271484375,32600.94921875,8496.666015625,TARGET_HIT
2025-06-30,ASHOKLEY.NS,116.93993884440648,124.60990142822266,11466.594062805178,TARGET_HIT
2025-06-30,APLAPOLLO.NS,1814.7347958692865,1733.0511474609375,-5472.804443359381,TRAILING_STOP
2025-07-01,AXISBANK.NS,1186.0149972098213,1172.2982177734375,-2016.3665771484232,TRAILING_STOP
2025-07-01,APOLLOHOSP.NS,6952.41788258272,7476.49169921875,8909.254882812505,TARGET_HIT
2025-07-21,AUBANK.NS,810.4100238077002,752.9000244140625,-8799.02990722657,TRAILING_STOP
2025-07-25,APLAPOLLO.NS,1686.61328125,1537.73291015625,-6550.736328125,BEAR_ZONE
2025-07-28,ADANIPORTS.NS,1414.9606313236425,1376.0,-4753.197021484382,TRAILING_STOP
2025-07-29,APARINDS.NS,8978.260145399305,9681.5,12658.317382812515,TARGET_HIT
2025-07-30,BAJAJFINSV.NS,1960.1620219837534,1959.800048828125,-31.853637695303405,TRAILING_STOP
2025-07-31,ADANIENT.NS,2617.730261600379,2430.699951171875,-12344.000488281263,BEAR_ZONE
2025-07-31,APARINDS.NS,9669.5,8907.5,-5334.0,TRAILING_STOP
2025-07-31,APOLLOTYRE.NS,456.8675231933594,446.5891418457031,-1685.654541015625,BEAR_ZONE
2025-08-04,APLAPOLLO.NS,1595.630859375,1580.88232421875,-693.18115234375,BEAR_ZONE
2025-08-06,ABBOTINDIA.NS,34572.2421875,32605.0,-7868.96875,TRAILING_STOP
2025-08-06,AMBUJACEM.NS,602.4415156486538,589.9000244140625,-3624.490966796875,TRAILING_STOP
2025-08-07,APOLLOHOSP.NS,7440.630681818182,7151.34033203125,-6364.387695312504,TRAILING_STOP
2025-08-08,ADANIPORTS.NS,1386.6975875362273,1325.0,-7650.500854492182,TRAILING_STOP
2025-08-08,ASHOKLEY.NS,120.84562752530742,114.64249420166016,-6407.836723327625,TRAILING_STOP
2025-08-13,APOLLOHOSP.NS,7217.66748046875,7788.17822265625,5705.107421875,TARGET_HIT
2025-08-26,APARINDS.NS,8897.361111111111,7881.5,-18285.500000000004,BEAR_ZONE
2025-09-08,ADANIPOWER.NS,117.59358523175791,126.7699966430664,13645.323768615728,TARGET_HIT
2025-09-09,ABBOTINDIA.NS,32486.25,30630.0,-7425.0,TRAILING_STOP
2025-09-16,ADANIPORTS.NS,1323.0412215604126,1408.199951171875,11155.793579101572,TARGET_HIT
2025-09-17,ADANIGREEN.NS,987.8499755859376,979.4500122070312,-629.9972534179773,BEAR_ZONE
2025-09-19,ABBOTINDIA.NS,30730.0,30365.0,-1095.0,BEAR_ZONE
2025-09-19,ADANIPOWER.NS,128.72999572753906,141.8800048828125,7653.305328369141,TARGET_HIT
2025-09-23,ASIANPAINT.NS,2477.341886559311,2443.0869140625,-1678.493652343749,TRAILING_STOP
2025-09-24,ADANIPOWER.NS,162.35000610351562,144.5,-8228.852813720703,TRAILING_STOP
2025-09-26,APOLLOHOSP.NS,7783.37744140625,7500.04296875,-4250.01708984375,TRAILING_STOP
2025-09-26,ADANIENT.NS,2653.519110497008,2543.699951171875,-5161.500488281256,TRAILING_STOP
2025-09-26,ADANIGREEN.NS,1116.7742952913852,1047.4000244140625,-7700.544067382822,TRAILING_STOP
2025-09-29,ADANIPORTS.NS,1424.442957854468,1383.199951171875,-4990.40380859375,TRAILING_STOP
2025-10-13,ADANIPOWER.NS,145.1938953488372,154.42999267578125,7943.043701171881,TARGET_HIT
2025-10-17,ADANIPOWER.NS,154.42999267578125,165.97999572753906,5601.751480102539,TARGET_HIT
2025-10-24,AMBUJACEM.NS,581.1824997965495,555.0,-7854.749938964835,TRAILING_STOP
2025-10-28,APARINDS.NS,8487.23076923077,9107.5,8063.499999999996,TARGET_HIT
2025-10-29,APLAPOLLO.NS,1680.5039015094053,1804.800048828125,12802.503173828129,TARGET_HIT
2025-10-29,ADANIGREEN.NS,1045.0198967255742,1112.5999755859375,11218.293090820309,TARGET_HIT
2025-11-03,ALKEM.NS,5250.811264038086,5583.48876953125,10645.68017578125,TARGET_HIT
2025-11-04,ADANIENT.NS,2529.379055649487,2419.800048828125,-7341.793457031245,TRAILING_STOP
2025-11-06,ADANIPOWER.NS,167.018237843233,153.1699981689453,-10358.483276367198,TRAILING_STOP
2025-11-12,APARINDS.NS,8280.5,8980.0,6295.5,TARGET_HIT
2025-11-19,APLAPOLLO.NS,1798.8720685173485,1720.9000244140625,-5302.098999023445,TRAILING_STOP
2025-11-21,AMBUJACEM.NS,560.2864742794552,547.5499877929688,-2827.499999999993,BEAR_ZONE
2025-11-24,APOLLOHOSP.NS,7574.34404296875,7344.7490234375,-3443.9252929687473,TRAILING_STOP
2025-11-24,ADANIENT.NS,2412.272705078125,2399.199951171875,-405.25537109375,BEAR_ZONE
2025-11-25,ACC.NS,1913.699951171875,1869.0999755859373,-1739.3990478515714,BEAR_ZONE
2025-11-28,ADANIPORTS.NS,1424.7785109843105,1516.9000244140625,11146.70312499999,TARGET_HIT
2025-12-03,APOLLOHOSP.NS,7322.653381347656,7174.47509765625,-2370.8525390625,BEAR_ZONE
2025-12-08,ADANIPOWER.NS,149.84387420340224,139.0399932861328,-12597.32514953615,TRAILING_STOP
2025-12-10,ADANIGREEN.NS,1047.8994355172822,989.7999877929688,-9586.408874511719,TRAILING_STOP
2025-12-11,AIAENG.NS,3794.9934027777776,3638.199951171875,-7055.7053222656195,TRAILING_STOP
2025-12-15,AIAENG.NS,3638.199951171875,3893.800048828125,5112.001953125,TARGET_HIT
2025-12-19,APLAPOLLO.NS,1711.8643496673885,1820.0999755859373,10931.798217773423,TARGET_HIT
2025-12-29,ADANIPORTS.NS,1499.5574017068614,1454.4000244140625,-5193.098388671869,TRAILING_STOP
2025-12-30,ALKEM.NS,5638.356714709052,5425.26416015625,-6179.684082031247,TRAILING_STOP
2025-12-30,APARINDS.NS,8977.638888888889,8384.0,-10685.499999999996,TRAILING_STOP
2026-01-01,APLAPOLLO.NS,1846.6820651381759,1970.0,8262.301635742217,TARGET_HIT
2026-01-02,AIAENG.NS,3817.9355414496526,4089.699951171875,12229.398437500005,TARGET_HIT
2026-01-08,ADANIGREEN.NS,1006.6848783271257,988.7999877929688,-3076.201171874998,BEAR_ZONE
2026-01-09,ADANIPORTS.NS,1474.7948436247996,1435.9000244140625,-4550.693847656237,TRAILING_STOP
2026-01-09,APLAPOLLO.NS,1970.0,1890.0999755859373,-3036.2009277343836,TRAILING_STOP
2026-01-12,APARINDS.NS,8308.25,7879.0,-8585.0,BEAR_ZONE
2026-01-19,ASIANPAINT.NS,2896.39990234375,2754.0,-3559.99755859375,TRAILING_STOP
2026-01-20,ADANIPOWER.NS,140.5916790275543,137.47999572753906,-3867.822341918948,TRAILING_STOP
2026-01-20,AIAENG.NS,4021.4428362165177,3740.60009765625,-11795.395019531243,TRAILING_STOP
2026-01-20,ADANIPORTS.NS,1427.0174418604652,1367.5999755859375,-5109.90209960938,BEAR_ZONE
2026-01-27,APLAPOLLO.NS,1909.4000069754463,2060.60009765625,13759.208251953134,TARGET_HIT
2026-01-27,ASIANPAINT.NS,2705.057198660714,2622.800048828125,-5182.200439453121,TRAILING_STOP
2026-01-28,ASIANPAINT.NS,2622.800048828125,2511.800048828125,-3108.0,BEAR_ZONE
2026-01-29,APOLLOTYRE.NS,505.7097073932027,488.3482360839844,-5972.346130371096,TRAILING_STOP
2026-02-02,ALKEM.NS,5510.923567708333,5477.34423828125,-1007.3798828125018,TRAILING_STOP
2026-02-03,ASHOKLEY.NS,185.46045096816533,199.8699951171875,13573.79058837888,TARGET_HIT
2026-02-04,ADANIPOWER.NS,135.88751408175028,155.2899932861328,24951.588256835934,TARGET_HIT
2026-02-04,AIAENG.NS,3805.7711480034723,4088.5,12722.798339843748,TARGET_HIT
2026-02-06,APLAPOLLO.NS,2066.942182793675,2198.0,10877.798828124985,TARGET_HIT
2026-02-11,ASTRAL.NS,1456.0600341796876,1592.0999755859375,11563.395019531243,TARGET_HIT
2026-02-13,ALKEM.NS,5538.754022507441,5359.2958984375,-3768.6206054687573,TRAILING_STOP
2026-02-13,ADANIPOWER.NS,154.259281285761,139.89999389648438,-11616.663497924794,TRAILING_STOP
2026-02-18,APARINDS.NS,9519.411764705883,10182.0,11263.99999999999,TARGET_HIT
2026-02-19,ADANIGREEN.NS,1000.0999755859376,976.5,-1746.3981933593834,BEAR_ZONE
2026-02-20,ABB.NS,5569.35,5987.0,12529.499999999989,TARGET_HIT
2026-02-26,ALKEM.NS,5387.030793220766,5752.0,11314.04541015625,TARGET_HIT
2026-02-27,AUBANK.NS,997.140822136539,958.3499755859376,-6749.607299804638,TRAILING_STOP
2026-02-27,APARINDS.NS,10240.266666666666,11180.5,14103.500000000004,TARGET_HIT
2026-03-04,ADANIPORTS.NS,1546.8982120548283,1434.4000244140625,-12487.298828125,BEAR_ZONE
2026-03-04,AIAENG.NS,3966.44287109375,3623.0,-14424.6005859375,TRAILING_STOP
2026-03-04,ALKEM.NS,5709.142857142857,5466.5,-5095.4999999999945,TRAILING_STOP
2026-03-04,APARINDS.NS,11180.5,10022.0,-6951.0,TRAILING_STOP
2026-03-09,APLAPOLLO.NS,2180.8772281695014,2097.89990234375,-6555.208740234364,TRAILING_STOP
2026-03-09,ASHOKLEY.NS,200.4600067138672,186.94000244140625,-5056.481597900391,TRAILING_STOP
2026-03-13,APOLLOHOSP.NS,7764.928571428572,7550.0,-4513.500000000003,TRAILING_STOP
2026-03-13,APARINDS.NS,10065.636363636364,8989.0,-11843.000000000004,TRAILING_STOP
2026-03-13,APLAPOLLO.NS,2097.89990234375,1933.199951171875,-5764.498291015625,TRAILING_STOP
2026-03-13,ASHOKLEY.NS,186.94000244140625,170.64999389648438,-6532.293426513672,TRAILING_STOP
2026-03-16,ADANIPOWER.NS,142.80642214008407,154.05999755859375,13774.376312255852,TARGET_HIT
2026-03-16,ALKEM.NS,5432.387096774193,5323.0,-3390.999999999989,BEAR_ZONE
2026-03-18,APARINDS.NS,9039.0,9609.0,7410.0,TARGET_HIT
2026-03-19,APOLLOHOSP.NS,7526.0,7252.0,-4110.0,BEAR_ZONE
2026-03-20,AIAENG.NS,3628.595665973166,3409.60009765625,-10073.796142578136,BEAR_ZONE
2026-03-23,AUBANK.NS,901.5499877929688,849.5499877929688,-4316.0,BEAR_ZONE
2026-03-27,APARINDS.NS,9684.25,10608.0,11085.0,TARGET_HIT
2026-03-30,ASHOKLEY.NS,170.64707101881504,154.1300048828125,-16913.4757232666,TRAILING_STOP
